<prezi xsi:schemaLocation="http://prezi.com/schema/prezi/2 http://prezi.com/schema/prezi/2" xmlns:xsi="http://www.w3.org/2001/XMLSchema-instance" version="2" xmlns="http://prezi.com/schema/prezi/2"><xFields><xField name="preziType"><xEnum type="PreziType" value="converted-from-core"/></xField></xFields><aspectRatio><aspectRatio value="16:9"/></aspectRatio><background><background><layers><array><backgroundSwfGraphics><depth><double value="160.908553819436"/></depth><fadeScale><double value="0.01367236202041028"/></fadeScale><width><double value="3000"/></width><height><double value="3000"/></height><onlineAssetId><string value="4185518492"/></onlineAssetId><onlineAssetUrl><string value="http://0103.static.prezi.com.s3.amazonaws.com/media/d/7/c/681f56f717b75213d00e5db17c35a976ec6a8.swf"/></onlineAssetUrl><assetSourceFilename><string value="prezicom_4_1.swf"/></assetSourceFilename><localToWorld><transform2D x="-386.1805291666443" y="-1401.6922910493026" scale="167.1796170626112" rotation="0"/></localToWorld></backgroundSwfGraphics></array></layers></background></background><documentStyle><documentStyle><fontClasses><array><fontClass><fontFamily><string value="SourceSansPro"/></fontFamily><name><string value="body"/></name></fontClass><fontClass><fontFamily><string value="Titillium"/></fontFamily><name><string value="head"/></name></fontClass><fontClass><fontFamily><string value="Titillium"/></fontFamily><name><string value="strong"/></name></fontClass></array></fontClasses><fontFamilies><array><fontFamily><fontFaces><array><fontFace><fontSrc><string value="SourceSansPro-Regular.keg"/></fontSrc></fontFace><fontFace><fontSrc><string value="SourceSansPro-Bold.keg"/></fontSrc><fontWeight><fontWeight value="bold"/></fontWeight></fontFace><fontFace><fontSrc><string value="SourceSansPro-Italic.keg"/></fontSrc><fontStyle><fontStyle value="italic"/></fontStyle></fontFace><fontFace><fontSrc><string value="SourceSansPro-BoldItalic.keg"/></fontSrc><fontStyle><fontStyle value="italic"/></fontStyle><fontWeight><fontWeight value="bold"/></fontWeight></fontFace></array></fontFaces><name><string value="SourceSansPro"/></name></fontFamily><fontFamily><fontFaces><array><fontFace><fontSrc><string value="Titillium-Regular.keg"/></fontSrc></fontFace><fontFace><fontSrc><string value="Titillium-Regular.keg"/></fontSrc></fontFace><fontFace><fontSrc><string value="Titillium-Bold.keg"/></fontSrc><fontWeight><fontWeight value="bold"/></fontWeight></fontFace><fontFace><fontSrc><string value="Titillium-RegularItalic.keg"/></fontSrc><fontStyle><fontStyle value="italic"/></fontStyle></fontFace><fontFace><fontSrc><string value="Titillium-BoldItalic.keg"/></fontSrc><fontStyle><fontStyle value="italic"/></fontStyle><fontWeight><fontWeight value="bold"/></fontWeight></fontFace></array></fontFaces><name><string value="Titillium"/></name></fontFamily></array></fontFamilies><styleDeclarations><array><styleDeclaration><styleBlock><styleBlock><gradEndAlpha><double value="0.7"/></gradEndAlpha><gradStartAlpha><double value="0.5"/></gradStartAlpha></styleBlock></styleBlock><styleSelector><simpleSelector value="zCircle"/></styleSelector></styleDeclaration><styleDeclaration><styleBlock><styleBlock><color><color value="#6E6E6E"/></color><gradEndColor><color value="#6E6E6E"/></gradEndColor><gradStartColor><color value="#6E6E6E"/></gradStartColor><fillType><fillType value="linear"/></fillType></styleBlock></styleBlock><styleSelector><simpleSelector value="*.line1"/></styleSelector></styleDeclaration><styleDeclaration><styleBlock><styleBlock><color><color value="#999999"/></color><gradEndColor><color value="#999999"/></gradEndColor><gradStartColor><color value="#999999"/></gradStartColor><fillType><fillType value="linear"/></fillType></styleBlock></styleBlock><styleSelector><simpleSelector value="*.line2"/></styleSelector></styleDeclaration><styleDeclaration><styleBlock><styleBlock><color><color value="#8CC83C"/></color><gradEndColor><color value="#8CC83C"/></gradEndColor><gradStartColor><color value="#8CC83C"/></gradStartColor><fillType><fillType value="linear"/></fillType></styleBlock></styleBlock><styleSelector><simpleSelector value="*.line3"/></styleSelector></styleDeclaration><styleDeclaration><styleBlock><styleBlock><color><color value="#FA5151"/></color><gradEndColor><color value="#FA5151"/></gradEndColor><gradStartColor><color value="#FA5151"/></gradStartColor><fillType><fillType value="linear"/></fillType></styleBlock></styleBlock><styleSelector><simpleSelector value="*.line4"/></styleSelector></styleDeclaration><styleDeclaration><styleBlock><styleBlock><color><color value="#66C8CE"/></color><gradEndColor><color value="#66C8CE"/></gradEndColor><gradStartColor><color value="#66C8CE"/></gradStartColor><fillType><fillType value="linear"/></fillType></styleBlock></styleBlock><styleSelector><simpleSelector value="*.line5"/></styleSelector></styleDeclaration><styleDeclaration><styleBlock><styleBlock><color><color value="#E6E6E6"/></color><gradEndColor><color value="#6E6E6E"/></gradEndColor><gradStartColor><color value="#6E6E6E"/></gradStartColor><fillType><fillType value="linear"/></fillType></styleBlock></styleBlock><styleSelector><simpleSelector value="*.poly1"/></styleSelector></styleDeclaration><styleDeclaration><styleBlock><styleBlock><color><color value="#E6E6E6"/></color><gradEndColor><color value="#999999"/></gradEndColor><gradStartColor><color value="#999999"/></gradStartColor><fillType><fillType value="linear"/></fillType></styleBlock></styleBlock><styleSelector><simpleSelector value="*.poly2"/></styleSelector></styleDeclaration><styleDeclaration><styleBlock><styleBlock><color><color value="#E6E6E6"/></color><gradEndColor><color value="#8CC83C"/></gradEndColor><gradStartColor><color value="#8CC83C"/></gradStartColor><fillType><fillType value="linear"/></fillType></styleBlock></styleBlock><styleSelector><simpleSelector value="*.poly3"/></styleSelector></styleDeclaration><styleDeclaration><styleBlock><styleBlock><color><color value="#E6E6E6"/></color><gradEndColor><color value="#FA5151"/></gradEndColor><gradStartColor><color value="#FA5151"/></gradStartColor><fillType><fillType value="linear"/></fillType></styleBlock></styleBlock><styleSelector><simpleSelector value="*.poly4"/></styleSelector></styleDeclaration><styleDeclaration><styleBlock><styleBlock><color><color value="#E6E6E6"/></color><gradEndColor><color value="#66C8CE"/></gradEndColor><gradStartColor><color value="#66C8CE"/></gradStartColor><fillType><fillType value="linear"/></fillType></styleBlock></styleBlock><styleSelector><simpleSelector value="*.poly5"/></styleSelector></styleDeclaration><styleDeclaration><styleBlock><styleBlock><gradEndColor><color value="#E6E6E6"/></gradEndColor><gradStartColor><color value="#E6E6E6"/></gradStartColor><fillType><fillType value="linear"/></fillType></styleBlock></styleBlock><styleSelector><simpleSelector value="background"/></styleSelector></styleDeclaration><styleDeclaration><styleBlock><styleBlock><color><color value="#8CC83C"/></color><gradEndAlpha><double value="1"/></gradEndAlpha><gradStartAlpha><double value="1"/></gradStartAlpha></styleBlock></styleBlock><styleSelector><simpleSelector value="zArrow"/></styleSelector></styleDeclaration><styleDeclaration><styleBlock><styleBlock><gradEndAlpha><double value="1"/></gradEndAlpha><gradStartAlpha><double value="1"/></gradStartAlpha><borderAlpha><double value="0"/></borderAlpha><radius><double value="0"/></radius><thickness><double value="100"/></thickness></styleBlock></styleBlock><styleSelector><simpleSelector value="zCircle"/></styleSelector></styleDeclaration><styleDeclaration><styleBlock><styleBlock><color><color value="#8CC83C"/></color></styleBlock></styleBlock><styleSelector><simpleSelector value="zPencil"/></styleSelector></styleDeclaration><styleDeclaration><styleBlock><styleBlock><gradEndAlpha><double value="0.3"/></gradEndAlpha><gradEndColor><color value="#6E6E6E"/></gradEndColor><gradStartAlpha><double value="0.3"/></gradStartAlpha><gradStartColor><color value="#6E6E6E"/></gradStartColor><fillType><fillType value="linear"/></fillType><borderAlpha><double value="0"/></borderAlpha><borderColor><color value="#000000"/></borderColor><borderThickness><double value="0"/></borderThickness><padding><double value="1.03"/></padding><thickness><double value="15"/></thickness></styleBlock></styleBlock><styleSelector><simpleSelector value="zBracketFrame"/></styleSelector></styleDeclaration><styleDeclaration><styleBlock><styleBlock><gradEndAlpha><double value="0.3"/></gradEndAlpha><gradEndColor><color value="#6E6E6E"/></gradEndColor><gradStartAlpha><double value="0.3"/></gradStartAlpha><gradStartColor><color value="#6E6E6E"/></gradStartColor><fillType><fillType value="linear"/></fillType><borderAlpha><double value="0"/></borderAlpha><borderColor><color value="#000000"/></borderColor><borderThickness><double value="0"/></borderThickness><padding><double value="1.03"/></padding><thickness><double value="14"/></thickness></styleBlock></styleBlock><styleSelector><simpleSelector value="zCircleFrame"/></styleSelector></styleDeclaration><styleDeclaration><styleBlock><styleBlock><gradEndAlpha><double value="0.3"/></gradEndAlpha><gradEndColor><color value="#6E6E6E"/></gradEndColor><gradStartAlpha><double value="0.3"/></gradStartAlpha><gradStartColor><color value="#6E6E6E"/></gradStartColor><fillType><fillType value="linear"/></fillType><borderAlpha><double value="0"/></borderAlpha><borderColor><color value="#000000"/></borderColor><borderThickness><double value="0"/></borderThickness><padding><double value="1.03"/></padding><radius><double value="20"/></radius><thickness><double value="5"/></thickness></styleBlock></styleBlock><styleSelector><simpleSelector value="zRectangleFrame"/></styleSelector></styleDeclaration><styleDeclaration><styleBlock><styleBlock><padding><double value="1.2"/></padding></styleBlock></styleBlock><styleSelector><simpleSelector value="zText"/></styleSelector></styleDeclaration><styleDeclaration><styleBlock><styleBlock><color><color value="#6F6E6E"/></color><fontClass><string value="body"/></fontClass></styleBlock></styleBlock><styleSelector><simpleSelector value="zText.body"/></styleSelector></styleDeclaration><styleDeclaration><styleBlock><styleBlock><backgroundAlpha><double value="0.9"/></backgroundAlpha><backgroundColor><color value="#E4E4DD"/></backgroundColor><backgroundPadding><double value="6"/></backgroundPadding></styleBlock></styleBlock><styleSelector><simpleSelector value="zText.body-background"/></styleSelector></styleDeclaration><styleDeclaration><styleBlock><styleBlock><color><color value="#282828"/></color><fontClass><string value="head"/></fontClass></styleBlock></styleBlock><styleSelector><simpleSelector value="zText.title"/></styleSelector></styleDeclaration><styleDeclaration><styleBlock><styleBlock><backgroundAlpha><double value="0.9"/></backgroundAlpha><backgroundColor><color value="#8CC83C"/></backgroundColor><backgroundPadding><double value="6"/></backgroundPadding></styleBlock></styleBlock><styleSelector><simpleSelector value="zText.title-background"/></styleSelector></styleDeclaration><styleDeclaration><styleBlock><styleBlock><color><color value="#8CC83C"/></color><fontClass><string value="strong"/></fontClass></styleBlock></styleBlock><styleSelector><simpleSelector value="zText.subtitle"/></styleSelector></styleDeclaration><styleDeclaration><styleBlock><styleBlock><backgroundAlpha><double value="0.9"/></backgroundAlpha><backgroundColor><color value="#6E6E6E"/></backgroundColor><backgroundPadding><double value="6"/></backgroundPadding></styleBlock></styleBlock><styleSelector><simpleSelector value="zText.subtitle-background"/></styleSelector></styleDeclaration><styleDeclaration><styleBlock><styleBlock><color><color value="#8CC83C"/></color></styleBlock></styleBlock><styleSelector><simpleSelector value="zLine"/></styleSelector></styleDeclaration><styleDeclaration><styleBlock><styleBlock><color><color value="#FA5151"/></color><alpha><double value="0.65"/></alpha></styleBlock></styleBlock><styleSelector><simpleSelector value="zMarker"/></styleSelector></styleDeclaration><styleDeclaration><styleBlock><styleBlock><gradEndAlpha><double value="1"/></gradEndAlpha><gradStartAlpha><double value="1"/></gradStartAlpha><borderAlpha><double value="0"/></borderAlpha><radius><double value="0"/></radius><thickness><double value="100"/></thickness></styleBlock></styleBlock><styleSelector><simpleSelector value="zTriangle"/></styleSelector></styleDeclaration><styleDeclaration><styleBlock><styleBlock><gradEndAlpha><double value="1"/></gradEndAlpha><gradStartAlpha><double value="1"/></gradStartAlpha><borderAlpha><double value="0"/></borderAlpha><radius><double value="0"/></radius><thickness><double value="100"/></thickness></styleBlock></styleBlock><styleSelector><simpleSelector value="zSquare"/></styleSelector></styleDeclaration><styleDeclaration><styleBlock><styleBlock><thickness><double value="8"/></thickness></styleBlock></styleBlock><styleSelector><simpleSelector value="#13"/></styleSelector></styleDeclaration><styleDeclaration><styleBlock><styleBlock><thickness><double value="8"/></thickness></styleBlock></styleBlock><styleSelector><simpleSelector value="#14"/></styleSelector></styleDeclaration><styleDeclaration><styleBlock><styleBlock><thickness><double value="8"/></thickness></styleBlock></styleBlock><styleSelector><simpleSelector value="#15"/></styleSelector></styleDeclaration><styleDeclaration><styleBlock><styleBlock><borderColor><color value="#8CC83C"/></borderColor><thickness><double value="8"/></thickness></styleBlock></styleBlock><styleSelector><simpleSelector value="#15_4082730"/></styleSelector></styleDeclaration><styleDeclaration><styleBlock><styleBlock><thickness><double value="8"/></thickness></styleBlock></styleBlock><styleSelector><simpleSelector value="#16"/></styleSelector></styleDeclaration><styleDeclaration><styleBlock><styleBlock><borderColor><color value="#8CC83C"/></borderColor><thickness><double value="8"/></thickness></styleBlock></styleBlock><styleSelector><simpleSelector value="#16_4082730"/></styleSelector></styleDeclaration><styleDeclaration><styleBlock><styleBlock><thickness><double value="8"/></thickness></styleBlock></styleBlock><styleSelector><simpleSelector value="#17"/></styleSelector></styleDeclaration><styleDeclaration><styleBlock><styleBlock><thickness><double value="8"/></thickness></styleBlock></styleBlock><styleSelector><simpleSelector value="#19"/></styleSelector></styleDeclaration><styleDeclaration><styleBlock><styleBlock><borderColor><color value="#8CC83C"/></borderColor><thickness><double value="8"/></thickness></styleBlock></styleBlock><styleSelector><simpleSelector value="#20_4082730"/></styleSelector></styleDeclaration><styleDeclaration><styleBlock><styleBlock><borderColor><color value="#8CC83C"/></borderColor><thickness><double value="8"/></thickness></styleBlock></styleBlock><styleSelector><simpleSelector value="#22_4082730"/></styleSelector></styleDeclaration><styleDeclaration><styleBlock><styleBlock><color><color value="#EC2E53"/></color><gradEndAlpha><double value="1"/></gradEndAlpha><gradEndColor><color value="#EC2E53"/></gradEndColor><gradStartAlpha><double value="1"/></gradStartAlpha><gradStartColor><color value="#EC2E53"/></gradStartColor><fillType><fillType value="linear"/></fillType><borderColor><color value="#EC2E53"/></borderColor><thickness><double value="8"/></thickness></styleBlock></styleBlock><styleSelector><simpleSelector value="#23_4082730"/></styleSelector></styleDeclaration><styleDeclaration><styleBlock><styleBlock><thickness><double value="8"/></thickness></styleBlock></styleBlock><styleSelector><simpleSelector value="#33_4082730"/></styleSelector></styleDeclaration><styleDeclaration><styleBlock><styleBlock><thickness><double value="8"/></thickness></styleBlock></styleBlock><styleSelector><simpleSelector value="#34_4082730"/></styleSelector></styleDeclaration><styleDeclaration><styleBlock><styleBlock><thickness><double value="8"/></thickness></styleBlock></styleBlock><styleSelector><simpleSelector value="#45_30863873"/></styleSelector></styleDeclaration><styleDeclaration><styleBlock><styleBlock><thickness><double value="8"/></thickness></styleBlock></styleBlock><styleSelector><simpleSelector value="#5_4082730"/></styleSelector></styleDeclaration><styleDeclaration><styleBlock><styleBlock><thickness><double value="8"/></thickness></styleBlock></styleBlock><styleSelector><simpleSelector value="#8_4082730"/></styleSelector></styleDeclaration></array></styleDeclarations></documentStyle></documentStyle><path><array><flyToObject><target><ref value="3"/></target></flyToObject><flyToObject><target><ref value="32"/></target></flyToObject><flyToObject><target><ref value="4"/></target></flyToObject><flyToObject><target><ref value="1_4082730"/></target></flyToObject><flyToObject><target><ref value="5"/></target></flyToObject><flyToObject><target><ref value="9_4082730"/></target></flyToObject><flyToObject><target><ref value="10_4082730"/></target></flyToObject><flyToObject><target><ref value="11_4082730"/></target></flyToObject><flyToObject><target><ref value="12_4082730"/></target></flyToObject><flyToObject><target><ref value="2_4082730"/></target></flyToObject><flyToObject><target><ref value="13_4082730"/></target></flyToObject><flyToObject><target><ref value="14_4082730"/></target></flyToObject><flyToObject><target><ref value="3_4082730"/></target></flyToObject><flyToObject><target><ref value="8"/></target></flyToObject><flyToObject><target><ref value="7_4082730"/></target></flyToObject><flyToObject><target><ref value="28_4082730"/></target></flyToObject><flyToObject><target><ref value="32_4082730"/></target></flyToObject><flyToObject><target><ref value="29_4082730"/></target></flyToObject><flyToObject><target><ref value="37_4082730"/></target></flyToObject><flyToObject><target><ref value="3"/></target></flyToObject></array></path><zObjects><array><zSwfGraphics><id><string value="2"/></id><width><double value="2224"/></width><height><double value="2224"/></height><localToWorld><transform2D x="2.0867499811867893E-12" y="6.6058722333103295E-12" scale="153.80982276569642" rotation="0"/></localToWorld><onlineAssetId><string value="4185524930"/></onlineAssetId><onlineAssetUrl><string value="http://0103.static.prezi.com.s3.amazonaws.com/media/0/c/a/11f931fc5f36267fcc1f0c6a3ccde4bcade7f.swf"/></onlineAssetUrl><assetSourceFilename><string value="circles1percent.swf"/></assetSourceFilename></zSwfGraphics><zInvisibleFrame><id><string value="3"/></id><localToWorld><transform2D x="1969.3935279737832" y="2122.783606581665" scale="441.3148932627413" rotation="0"/></localToWorld><styleClasses><array><token value="invisible"/></array></styleClasses><width><double value="368.7784968045837"/></width><height><double value="258.8290323480419"/></height></zInvisibleFrame><zCircleFrame><id><string value="4"/></id><localToWorld><transform2D x="1175.4127548194688" y="658.3529670476212" scale="31.07699196573845" rotation="0"/></localToWorld><styleClasses><array><token value="circle"/></array></styleClasses><width><double value="800"/></width><height><double value="800"/></height></zCircleFrame><zInvisibleFrame><id><string value="20"/></id><localToWorld><transform2D x="47026.093500189105" y="-707.5818675973601" scale="58.86259177832195" rotation="0"/></localToWorld><styleClasses><array><token value="invisible"/></array></styleClasses><width><double value="984.9988199294382"/></width><height><double value="599.5686403214931"/></height></zInvisibleFrame><zCircleFrame><id><string value="5"/></id><localToWorld><transform2D x="25268.786880049687" y="658.3529670476212" scale="15.75817098183692" rotation="0"/></localToWorld><styleClasses><array><token value="circle"/></array></styleClasses><width><double value="800"/></width><height><double value="800"/></height></zCircleFrame><zCircleFrame><id><string value="6"/></id><localToWorld><transform2D x="18477.51486235428" y="18329.082837013535" scale="15.75817098183692" rotation="0"/></localToWorld><styleClasses><array><token value="circle"/></array></styleClasses><width><double value="800"/></width><height><double value="800"/></height></zCircleFrame><zCircleFrame><id><string value="7"/></id><localToWorld><transform2D x="1182.564246100331" y="-22970.181479834533" scale="15.75817098183692" rotation="0"/></localToWorld><styleClasses><array><token value="circle"/></array></styleClasses><width><double value="800"/></width><height><double value="800"/></height></zCircleFrame><zCircleFrame><id><string value="8"/></id><localToWorld><transform2D x="67131.19310383603" y="-4362.621514718687" scale="7.102274484448346" rotation="0"/></localToWorld><styleClasses><array><token value="circle"/></array></styleClasses><width><double value="800"/></width><height><double value="800"/></height></zCircleFrame><zCircleFrame><id><string value="9"/></id><localToWorld><transform2D x="47064.41162938502" y="1123.8762206357196" scale="7.102274484448346" rotation="0"/></localToWorld><styleClasses><array><token value="circle"/></array></styleClasses><width><double value="800"/></width><height><double value="800"/></height></zCircleFrame><zCircleFrame><id><string value="10"/></id><localToWorld><transform2D x="79979.42969690223" y="7971.74683670289" scale="7.102274484448346" rotation="0"/></localToWorld><styleClasses><array><token value="circle"/></array></styleClasses><width><double value="800"/></width><height><double value="800"/></height></zCircleFrame><zInvisibleFrame><id><string value="32"/></id><localToWorld><transform2D x="-45536.70752364642" y="308.6950958266401" scale="71.9442171351025" rotation="0"/></localToWorld><styleClasses><array><token value="invisible"/></array></styleClasses><width><double value="744.8654138318191"/></width><height><double value="473.6293380390047"/></height></zInvisibleFrame><zLine><id><string value="13"/></id><localToWorld><transform2D x="-20311.349514189427" y="626.4486675389174" scale="74.4636743113684" rotation="0"/></localToWorld><startEndDistance><double value="215.10520202773523"/></startEndDistance><styleClasses><array><token value="line3"/></array></styleClasses></zLine><zLine><id><string value="14"/></id><localToWorld><transform2D x="1178.0102056188657" y="-14230.985573207456" scale="74.4636743113684" rotation="-1.5707963267948963"/></localToWorld><startEndDistance><double value="53.67796721555601"/></startEndDistance><styleClasses><array><token value="line3"/></array></styleClasses></zLine><zLine><id><string value="15"/></id><localToWorld><transform2D x="11812.859368980568" y="11772.247454511287" scale="74.46367431136846" rotation="0.8243521119243281"/></localToWorld><startEndDistance><double value="56.8734486451893"/></startEndDistance><styleClasses><array><token value="line3"/></array></styleClasses></zLine><zLine><id><string value="16"/></id><localToWorld><transform2D x="16308.894915170476" y="1107.2104992871205" scale="74.4636743113684" rotation="-4.624078897563778E-16"/></localToWorld><startEndDistance><double value="52.723328491670394"/></startEndDistance><styleClasses><array><token value="line3"/></array></styleClasses></zLine><zLine><id><string value="17"/></id><localToWorld><transform2D x="37827.887655083025" y="1104.984921443331" scale="74.46367431136845" rotation="-1.1564483328390482E-16"/></localToWorld><startEndDistance><double value="146.27123001518936"/></startEndDistance><styleClasses><array><token value="line3"/></array></styleClasses></zLine><zLine><id><string value="19"/></id><localToWorld><transform2D x="57076.92688182401" y="3939.5494432916335" scale="74.46367431136831" rotation="0.26179938779914946"/></localToWorld><startEndDistance><double value="187.47098516205784"/></startEndDistance><styleClasses><array><token value="line3"/></array></styleClasses></zLine><zText><id><string value="38_30863873"/></id><text><text><width>185.4205459005585</width><p align="center"><span><![CDATA[Tech-Stack]]></span></p></text></text><localToWorld><transform2D x="-44317.82116430746" y="-12255.275886382373" scale="242.90405279444028" rotation="0"/></localToWorld><styleClasses><array><token value="title"/></array></styleClasses></zText><zText><id><string value="40_30863873"/></id><text><text><width>530.6765520981696</width><p indent="1" listType="bullet"><span><![CDATA[WPF (Windows Presentation Foundation)]]></span></p><p indent="1" listType="bullet"><span><![CDATA[C#]]></span></p><p indent="1" listType="bullet"><span><![CDATA[Visual Studio Community Edition 2017]]></span></p><p indent="1" listType="bullet"><span><![CDATA[JSON]]></span></p><p indent="1" listType="bullet"><span><![CDATA[Github (https://github.com/john-dederer/Patientenverwaltung_WPF)]]></span></p></text></text><localToWorld><transform2D x="-45744.31179176202" y="1471.3776221570026" scale="97.35175600553144" rotation="0"/></localToWorld><styleClasses><array><token value="subtitle"/></array></styleClasses></zText><zText><id><string value="41_30863873"/></id><text><text><width>208.0449668144883</width><p align="center"><span><![CDATA[Use-Case Diagramm]]></span></p></text></text><localToWorld><transform2D x="1190.1152567676436" y="-4450.43100219833" scale="81.00529709241755" rotation="0"/></localToWorld><styleClasses><array><token value="subtitle"/></array></styleClasses></zText><zLine><id><string value="45_30863873"/></id><localToWorld><transform2D x="57039.81148520187" y="-1792.9721251504448" scale="74.46367431136831" rotation="-0.26179938779914946"/></localToWorld><startEndDistance><double value="187.47098516205784"/></startEndDistance><styleClasses><array><token value="line3"/></array></styleClasses></zLine><zText><id><string value="48_30863873"/></id><text><text><width>208.0449668144883</width><p align="center"><span><![CDATA[Klassendiagramm]]></span></p></text></text><localToWorld><transform2D x="25275.76112451859" y="-1621.288912600878" scale="41.3292332104171" rotation="0"/></localToWorld><styleClasses><array><token value="subtitle"/></array></styleClasses></zText><zText><id><string value="59_30863873"/></id><text><text><width>297.85523832258195</width><p><span><![CDATA[Klicken, um Text hinzuzufügen]]></span></p></text></text><localToWorld><transform2D x="16902.2429591151" y="17790.207741984774" scale="18.189255588045036" rotation="0"/></localToWorld><styleClasses><array><token value="body"/></array></styleClasses><isPlaceholder><bool value="true"/></isPlaceholder></zText><zText><id><string value="60_30863873"/></id><text><text><width>208.0449668144883</width><p align="center"><span><![CDATA[Klicken, um Text hinzuzufügen]]></span></p></text></text><localToWorld><transform2D x="1139.4899620477916" y="-25470.7910716516" scale="41.07525346803559" rotation="0"/></localToWorld><styleClasses><array><token value="subtitle"/></array></styleClasses><isPlaceholder><bool value="true"/></isPlaceholder></zText><zText><id><string value="61_30863873"/></id><text><text><width>330</width><p><span><![CDATA[Klicken, um Text hinzuzufügen]]></span></p></text></text><localToWorld><transform2D x="1148.9787675294276" y="-23132.489554261312" scale="24.356229979448084" rotation="0"/></localToWorld><styleClasses><array><token value="body"/></array></styleClasses><isPlaceholder><bool value="true"/></isPlaceholder></zText><zText><id><string value="0"/></id><text><text><width>-204.88799999999998</width><p><span weight="bold"><![CDATA[Patientenverwaltung]]></span></p></text></text><localToWorld><transform2D x="1169.6111036937334" y="-48436.863564308886" scale="242.90405279444028" rotation="0"/></localToWorld><styleClasses><array><token value="title"/></array></styleClasses></zText><zImage><id><string value="1_4082730"/></id><width><double value="1518"/></width><height><double value="1290"/></height><localToWorld><transform2D x="1191.633424056997" y="2729.4143399397326" scale="8.951361775968392" rotation="0"/></localToWorld><onlineAssetId><string value="4926376024"/></onlineAssetId><onlineAssetUrl><string value="http://0103.static.prezi.com.s3.amazonaws.com/media/4/f/c/0e7f57df87519b4d67f12f640d0af38f01704.png"/></onlineAssetUrl><assetSourceFilename><string value="Use-Case.png"/></assetSourceFilename></zImage><zImage><id><string value="9_4082730"/></id><width><double value="1555"/></width><height><double value="3367"/></height><localToWorld><transform2D x="25277.040282035006" y="2299.4655278107693" scale="1.7390118309806828" rotation="0"/></localToWorld><onlineAssetId><string value="4926389121"/></onlineAssetId><onlineAssetUrl><string value="http://0103.static.prezi.com.s3.amazonaws.com/media/6/c/a/5b00132991bdab9532756509d59cd47755833.png"/></onlineAssetUrl><assetSourceFilename><string value="ClassDiagram1.png"/></assetSourceFilename></zImage><zInvisibleFrame><id><string value="10_4082730"/></id><localToWorld><transform2D x="26028.58333290723" y="-65.38638049136958" scale="1.8310145376919764" rotation="0"/></localToWorld><styleClasses><array><token value="invisible"/></array></styleClasses><width><double value="1209.0382387022016"/></width><height><double value="600"/></height></zInvisibleFrame><zInvisibleFrame><id><string value="11_4082730"/></id><localToWorld><transform2D x="25896.20927281042" y="891.923606539414" scale="1.7165761290862285" rotation="0"/></localToWorld><styleClasses><array><token value="invisible"/></array></styleClasses><width><double value="1209.0382387022016"/></width><height><double value="600"/></height></zInvisibleFrame><zInvisibleFrame><id><string value="12_4082730"/></id><localToWorld><transform2D x="25762.304776802823" y="2324.285664078922" scale="2.145720161357785" rotation="0"/></localToWorld><styleClasses><array><token value="invisible"/></array></styleClasses><width><double value="1340.8142528840017"/></width><height><double value="600"/></height></zInvisibleFrame><zInvisibleFrame><id><string value="13_4082730"/></id><localToWorld><transform2D x="24723.552245358424" y="3741.7022632204025" scale="2.0116126512729235" rotation="0"/></localToWorld><styleClasses><array><token value="invisible"/></array></styleClasses><width><double value="821.7623809084852"/></width><height><double value="600"/></height></zInvisibleFrame><zInvisibleFrame><id><string value="14_4082730"/></id><localToWorld><transform2D x="24797.71808055542" y="4690.738871495134" scale="1.8797877684124" rotation="0"/></localToWorld><styleClasses><array><token value="invisible"/></array></styleClasses><width><double value="1209.0382387022016"/></width><height><double value="600"/></height></zInvisibleFrame><zArrow><id><string value="15_4082730"/></id><localToWorld><transform2D x="25297.380647033788" y="938.0752683237084" scale="1.334415928395294" rotation="0.4487978082092577"/></localToWorld><startEndDistance><double value="-157.378442846428"/></startEndDistance><styleClasses><array><token value="line3"/></array></styleClasses></zArrow><zArrow><id><string value="16_4082730"/></id><localToWorld><transform2D x="25670.517216598822" y="1003.007066099053" scale="1.3344159283952923" rotation="-0.31714274579685087"/></localToWorld><startEndDistance><double value="212.73459223958577"/></startEndDistance><styleClasses><array><token value="line3"/></array></styleClasses></zArrow><zText><id><string value="17_4082730"/></id><text><text><width>479.69328987964616</width><p><span color="7326720"><![CDATA[Factory]]></span><span><![CDATA[.Get(]]></span><span color="5974240"><![CDATA[CurrentContext]]></span><span><![CDATA[.GetSettings().Savetype).Update(NewPatient);]]></span></p></text></text><localToWorld><transform2D x="24481.194622340052" y="3716.081477395213" scale="2.205646162636848" rotation="0"/></localToWorld><styleClasses><array><token value="title"/></array></styleClasses></zText><zText><id><string value="18_4082730"/></id><text><text><width>501.4</width><p><span><![CDATA[<TextBlock ]]></span><span color="3247103"><![CDATA[Text]]></span><span><![CDATA[="{]]></span><span color="16744448"><![CDATA[Binding ]]></span><span color="16758141"><![CDATA[Birthday]]></span><span><![CDATA[, ]]></span><span color="16744448"><![CDATA[Mode]]></span><span><![CDATA[=]]></span><span color="16758141"><![CDATA[TwoWay]]></span><span><![CDATA[, ]]></span><span color="16744448"><![CDATA[UpdateSourceTrigger]]></span><span><![CDATA[=]]></span><span color="16758141"><![CDATA[PropertyChanged]]></span><span color="0"><![CDATA[}]]></span><span><![CDATA["/>]]></span></p></text></text><localToWorld><transform2D x="25383.50182770178" y="-534.2535241900999" scale="1.6571346075408324" rotation="0"/></localToWorld><styleClasses><array><token value="title"/></array></styleClasses></zText><zText><id><string value="19_4082730"/></id><text><text><width>459.3</width><p><span><![CDATA[<Button ]]></span><span color="3247103"><![CDATA[Content]]></span><span><![CDATA[="Krankenversicherung wählen" ]]></span><span color="3247103"><![CDATA[Command]]></span><span><![CDATA[="{]]></span><span color="16744448"><![CDATA[Binding ]]></span><span color="16758141"><![CDATA[ChooseCommand]]></span><span><![CDATA[}"/>]]></span></p></text></text><localToWorld><transform2D x="24000.162302353034" y="1991.147836891572" scale="1.18366757681488" rotation="0"/></localToWorld><styleClasses><array><token value="title"/></array></styleClasses></zText><zArrow><id><string value="20_4082730"/></id><localToWorld><transform2D x="24604.936473845137" y="2032.457256972794" scale="1.3344159283952932" rotation="0.07600243123299079"/></localToWorld><startEndDistance><double value="-500.53019468586194"/></startEndDistance><styleClasses><array><token value="line3"/></array></styleClasses></zArrow><zText><id><string value="21_4082730"/></id><text><text><width>465.4</width><p><span><![CDATA[ChooseCommand = new ]]></span><span color="3518377"><![CDATA[RelayCommand]]></span><span><![CDATA[(Choose, CanChoose);]]></span></p></text></text><localToWorld><transform2D x="24003.718666651577" y="2161.285818280187" scale="1.18366757681488" rotation="0"/></localToWorld><styleClasses><array><token value="title"/></array></styleClasses></zText><zArrow><id><string value="22_4082730"/></id><localToWorld><transform2D x="24593.147263889463" y="2423.970765866662" scale="0.6672079641976466" rotation="0.6418692561939608"/></localToWorld><startEndDistance><double value="-1242.7900214832027"/></startEndDistance><styleClasses><array><token value="line3"/></array></styleClasses></zArrow><zArrow><id><string value="23_4082730"/></id><localToWorld><transform2D x="24397.341015889637" y="2369.1541974359634" scale="0.6672079641976466" rotation="0.26179938779914885"/></localToWorld><startEndDistance><double value="-1816.7339877566067"/></startEndDistance><styleClasses><array><token value="line3"/></array></styleClasses></zArrow><zText><id><string value="24_4082730"/></id><text><text><width>-60.576</width><p><span><![CDATA[Aktion]]></span></p></text></text><localToWorld><transform2D x="24443.686330776145" y="2274.5219708921777" scale="1.18366757681488" rotation="0.6418692561939608"/></localToWorld><styleClasses><array><token value="title"/></array></styleClasses></zText><zText><id><string value="25_4082730"/></id><text><text><width>-100.00800000000001</width><p><span><![CDATA[Bedingung]]></span></p></text></text><localToWorld><transform2D x="24234.54184309185" y="2357.8695299313413" scale="1.1836675768148792" rotation="0.26179938779914885"/></localToWorld><styleClasses><array><token value="title"/></array></styleClasses></zText><zImage><id><string value="0_4082730"/></id><width><double value="749"/></width><height><double value="153"/></height><localToWorld><transform2D x="23975.64608889077" y="1863.497058771673" scale="0.7139437239682399" rotation="0"/></localToWorld><onlineAssetId><string value="4926407374"/></onlineAssetId><onlineAssetUrl><string value="http://0103.static.prezi.com.s3.amazonaws.com/media/e/7/7/683ff69b62fb588773b7fe9c20b6b8d8f2fab.png"/></onlineAssetUrl><assetSourceFilename><string value="BtnKVWaehlen.png"/></assetSourceFilename></zImage><zInvisibleFrame><id><string value="2_4082730"/></id><localToWorld><transform2D x="24203.85874260127" y="2286.62874297231" scale="1.8451353851068373" rotation="0"/></localToWorld><styleClasses><array><token value="invisible"/></array></styleClasses><width><double value="1066.6666666666663"/></width><height><double value="600"/></height></zInvisibleFrame><zImage><id><string value="3_4082730"/></id><width><double value="419"/></width><height><double value="571"/></height><localToWorld><transform2D x="47064.54679023733" y="1123.659783687315" scale="6.602420020132492" rotation="0"/></localToWorld><onlineAssetId><string value="4926445440"/></onlineAssetId><onlineAssetUrl><string value="http://0103.static.prezi.com.s3.amazonaws.com/media/b/4/4/6f1651397381d1aec7b9f1ff8ef03d55b1d7c.png"/></onlineAssetUrl><assetSourceFilename><string value="Login.png"/></assetSourceFilename></zImage><zImage><id><string value="4_4082730"/></id><width><double value="1286"/></width><height><double value="727"/></height><localToWorld><transform2D x="67131.29451108073" y="-4362.750986401316" scale="3.288174305639367" rotation="0"/></localToWorld><onlineAssetId><string value="4926445644"/></onlineAssetId><onlineAssetUrl><string value="http://0103.static.prezi.com.s3.amazonaws.com/media/6/1/d/50801e6b54b446ac380b9db347c30d8168ef9.png"/></onlineAssetUrl><assetSourceFilename><string value="Patient.png"/></assetSourceFilename></zImage><zLine><id><string value="5_4082730"/></id><localToWorld><transform2D x="73434.58954303559" y="-6633.694375350872" scale="74.46367431136831" rotation="-0.30997488552166497"/></localToWorld><startEndDistance><double value="90.44244376637286"/></startEndDistance><styleClasses><array><token value="line3"/></array></styleClasses></zLine><zImage><id><string value="7_4082730"/></id><width><double value="1286"/></width><height><double value="727"/></height><localToWorld><transform2D x="79794.6833384855" y="-8947.034038900687" scale="3.2932881070478266" rotation="0"/></localToWorld><onlineAssetId><string value="4926465810"/></onlineAssetId><onlineAssetUrl><string value="http://0103.static.prezi.com.s3.amazonaws.com/media/b/5/d/84c1ccf59452e45b504d3c2978a07e3fd57f1.png"/></onlineAssetUrl><assetSourceFilename><string value="http://0103.static.prezi.com.s3.amazonaws.com/media/b/5/d/84c1ccf59452e45b504d3c2978a07e3fd57f1.png"/></assetSourceFilename></zImage><zCircleFrame><id><string value="6_4082730"/></id><localToWorld><transform2D x="79794.33493463274" y="-8946.904567218058" scale="7.102274484448346" rotation="0"/></localToWorld><styleClasses><array><token value="circle"/></array></styleClasses><width><double value="800"/></width><height><double value="800"/></height></zCircleFrame><zLine><id><string value="8_4082730"/></id><localToWorld><transform2D x="73556.26619086889" y="-3029.5917188979947" scale="74.46367431136835" rotation="0.1179924610141099"/></localToWorld><startEndDistance><double value="87.50630272434131"/></startEndDistance><styleClasses><array><token value="line3"/></array></styleClasses></zLine><zCircleFrame><id><string value="27_4082730"/></id><localToWorld><transform2D x="79980.32522071383" y="-2388.855299723932" scale="7.102274484448346" rotation="0"/></localToWorld><styleClasses><array><token value="circle"/></array></styleClasses><width><double value="800"/></width><height><double value="800"/></height></zCircleFrame><zImage><id><string value="28_4082730"/></id><width><double value="466"/></width><height><double value="493"/></height><localToWorld><transform2D x="79980.21171972559" y="-2388.70396507293" scale="6.863552799995904" rotation="0"/></localToWorld><onlineAssetId><string value="4926484299"/></onlineAssetId><onlineAssetUrl><string value="http://0103.static.prezi.com.s3.amazonaws.com/media/1/c/1/e971ed2d5cd47ae8d572c012c6479c270b6e2.png"/></onlineAssetUrl><assetSourceFilename><string value="Treatment.png"/></assetSourceFilename></zImage><zImage><id><string value="29_4082730"/></id><width><double value="1286"/></width><height><double value="727"/></height><localToWorld><transform2D x="79979.37937914504" y="7971.89324447712" scale="3.2297552834137773" rotation="0"/></localToWorld><onlineAssetId><string value="4926485735"/></onlineAssetId><onlineAssetUrl><string value="http://0103.static.prezi.com.s3.amazonaws.com/media/5/2/e/f8c812e271b45571dce052ccb1dfbc0acf9f4.png"/></onlineAssetUrl><assetSourceFilename><string value="KV_Mask.png"/></assetSourceFilename></zImage><zCircleFrame><id><string value="30_4082730"/></id><localToWorld><transform2D x="67103.14626599444" y="6817.626027624718" scale="7.102274484448346" rotation="0"/></localToWorld><styleClasses><array><token value="circle"/></array></styleClasses><width><double value="800"/></width><height><double value="800"/></height></zCircleFrame><zImage><id><string value="32_4082730"/></id><width><double value="1287"/></width><height><double value="727"/></height><localToWorld><transform2D x="67103.22193331993" y="6817.512526636468" scale="3.229755050685218" rotation="0"/></localToWorld><onlineAssetId><string value="4926486212"/></onlineAssetId><onlineAssetUrl><string value="http://0103.static.prezi.com.s3.amazonaws.com/media/e/f/0/c1a8c1160465fcf54f91ebd479b79f876fbe1.png"/></onlineAssetUrl><assetSourceFilename><string value="KV.png"/></assetSourceFilename></zImage><zLine><id><string value="33_4082730"/></id><localToWorld><transform2D x="73486.66616457135" y="7667.810269676222" scale="74.46367431136831" rotation="0.09019440506807437"/></localToWorld><startEndDistance><double value="85.42852274555926"/></startEndDistance><styleClasses><array><token value="line3"/></array></styleClasses></zLine><zLine><id><string value="34_4082730"/></id><localToWorld><transform2D x="54826.079047963816" y="11584.210236464964" scale="74.46367431136831" rotation="0.8474742039257358"/></localToWorld><startEndDistance><double value="258.6529036947903"/></startEndDistance><styleClasses><array><token value="line3"/></array></styleClasses></zLine><zCircleFrame><id><string value="35_4082730"/></id><localToWorld><transform2D x="63734.51260202302" y="21001.08785612766" scale="7.102274484448346" rotation="0"/></localToWorld><styleClasses><array><token value="circle"/></array></styleClasses><width><double value="800"/></width><height><double value="800"/></height></zCircleFrame><zImage><id><string value="37_4082730"/></id><width><double value="426"/></width><height><double value="544"/></height><localToWorld><transform2D x="63734.55043568576" y="21001.087856127662" scale="6.887446743789516" rotation="0"/></localToWorld><onlineAssetId><string value="4926487796"/></onlineAssetId><onlineAssetUrl><string value="http://0103.static.prezi.com.s3.amazonaws.com/media/d/2/e/569656259ef6bba5f9a717cce4c034aed9043.png"/></onlineAssetUrl><assetSourceFilename><string value="Einstellungen.png"/></assetSourceFilename></zImage></array></zObjects></prezi>